ts_code,trade_date,open,high,low,close,pre_close,change,pct_chg,vol,amount
000733.SZ,20260929,38.92,39.31,38.89,39.04,39.13,-0.09,-0.23,51489.97,201128.47173
000733.SZ,20260928,40.7,40.73,38.8,39.13,40.9,-1.77,-4.3276,126149.28,496445.59703
000733.SZ,20260924,41.19,41.65,40.9,40.9,41.4,-0.5,-1.2077,81374.79,334477.65282
000733.SZ,20260923,41.24,41.65,41.18,41.4,41.33,0.07,0.1694,74749.85,309344.06371
000733.SZ,20260922,41.95,42.18,41.18,41.33,41.6,-0.27,-0.649,102330.01,425513.98985
000733.SZ,20260921,41.83,42.3,41.29,41.6,41,0.6,1.4634,141707.08,591278.33964
000733.SZ,20260918,41.13,41.18,40.58,41,40.41,0.59,1.46,93887.87,384080.29883
000733.SZ,20260917,41.01,41.45,40.36,40.41,41.36,-0.95,-2.2969,113368.05,462440.43693
000733.SZ,20260916,40.88,41.58,40.6,41.36,40.94,0.42,1.0259,125657.69,517472.75449
000733.SZ,20260915,40.7,41.15,40.56,40.94,40.78,0.16,0.3923,104434.33,427490.09807
000733.SZ,20260914,40.47,41.11,40.41,40.78,40.85,-0.07,-0.1714,101907.05,415756.75867
000733.SZ,20260911,39.85,41,39.63,40.85,40.19,0.66,1.6422,128141.85,516986.66599
000733.SZ,20260910,40.4,40.74,39.93,40.19,40.66,-0.47,-1.1559,66287,266764.366
000733.SZ,20260909,40.4,40.87,40.35,40.66,40.26,0.4,0.9935,89652.37,364271.20756
000733.SZ,20260908,40.36,40.74,40.08,40.26,40.42,-0.16,-0.3958,67871.22,273899.30314
000733.SZ,20260907,40.28,40.73,40.12,40.42,40.28,0.14,0.3476,71110.45,287213.59724
000733.SZ,20260904,41.3,41.46,40.08,40.28,41.05,-0.77,-1.8758,104028.49,425190.29937
000733.SZ,20260903,41.5,41.53,40.84,41.05,41.19,-0.14,-0.3399,68814.5,283269.85878
000733.SZ,20260902,40.85,41.55,40.7,41.19,41.25,-0.06,-0.1455,82914.64,340941.5406
000733.SZ,20260901,41.53,41.73,41.02,41.25,41.38,-0.13,-0.3142,84698.44,349921.30612
000733.SZ,20260831,40.52,41.68,40.38,41.38,40.96,0.42,1.0254,107906.29,442480.41137
000733.SZ,20260828,41.14,42.2,40.92,40.96,41.09,-0.13,-0.3164,142665.58,590923.71293
000733.SZ,20260827,39.91,41.2,39.7,41.09,39.9,1.19,2.9825,144664.53,586998.1782
000733.SZ,20260826,40.37,41,39.85,39.9,39.58,0.32,0.8085,120276.53,485247.58661
000733.SZ,20260825,38.71,39.76,38.58,39.58,39.1,0.48,1.2276,82099.91,322903.96269
000733.SZ,20260824,39.84,40.08,38.59,39.1,39.85,-0.75,-1.8821,92075.09,360924.29464
000733.SZ,20260821,38.75,39.97,38.68,39.85,39.16,0.69,1.762,103158,407634.94968
000733.SZ,20260820,39.13,39.57,38.89,39.16,38.85,0.31,0.7979,87250.2,342257.69638
000733.SZ,20260819,40.29,40.3,38.74,38.85,40.8,-1.95,-4.7794,157588.85,620112.43498
000733.SZ,20260818,41.45,41.68,40.46,40.8,41.48,-0.68,-1.6393,131179.89,536516.61117
000733.SZ,20260817,40.95,41.48,40.53,41.48,40.92,0.56,1.3685,127481.73,523372.42122
000733.SZ,20260814,40.88,41.27,40.45,40.92,40.87,0.05,0.1223,121281.54,496082.53693
000733.SZ,20260813,41.56,42.19,40.86,40.87,41.36,-0.49,-1.1847,153389.25,637488.82253
000733.SZ,20260812,41.31,41.63,40.98,41.36,41.7,-0.34,-0.8153,122070.97,503613.65665
000733.SZ,20260811,41.08,42.38,40.9,41.7,41.48,0.22,0.5304,181741.84,759247.78077
000733.SZ,20260810,41.62,41.66,40.66,41.48,41.55,-0.07,-0.1685,129926.39,534304.17294
000733.SZ,20260807,41.58,41.89,40.77,41.55,41.79,-0.24,-0.5743,173464.95,717675.33733
000733.SZ,20260806,41.95,42.17,41.49,41.79,42.45,-0.66,-1.5548,164539.61,687373.89097
000733.SZ,20260805,41.11,43.12,41,42.45,41.46,0.99,2.3878,205616.85,868570.32107
000733.SZ,20260804,41.17,41.75,40.78,41.46,41.04,0.42,1.0234,128667.46,531566.85737
000733.SZ,20260803,40.31,41.24,40.15,41.04,40.97,0.07,0.1709,121023.33,493308.39238
000733.SZ,20260731,42.23,42.5,40.87,40.97,40.81,0.16,0.3921,204516.96,850909.42152
000733.SZ,20260730,40.24,41.64,39.34,40.81,40.39,0.42,1.0399,209532.87,848656.51511
000733.SZ,20260729,39.08,40.64,39,40.39,39.03,1.36,3.4845,164780.24,656714.61302
000733.SZ,20260728,39.09,39.49,38.86,39.03,39.88,-0.85,-2.1314,99678.36,389744.61012
000733.SZ,20260727,38.68,39.89,38.68,39.88,38.84,1.04,2.6777,112613.22,444573.80254
000733.SZ,20260724,38.96,39.5,38.75,38.84,39.82,-0.98,-2.4611,107835.97,421146.57147
000733.SZ,20260723,39.12,40.45,39.12,39.82,39.12,0.7,1.7894,139910.3,557984.10932
000733.SZ,20260722,39.75,40.33,39.01,39.12,39.99,-0.87,-2.1755,165614.54,657753.78972
000733.SZ,20260721,38.15,40,37.22,39.99,37.65,2.34,6.2151,221054.22,857371.91689
000733.SZ,20260720,39.5,39.88,37.05,37.65,38.99,-1.34,-3.4368,186160.59,715769.55944
000733.SZ,20260717,41.19,41.47,38.62,38.99,41.42,-2.43,-5.8667,209374.29,838518.25406
000733.SZ,20260716,42,42.78,41.26,41.42,42.6,-1.18,-2.77,154158.81,645556.04087
000733.SZ,20260715,43.9,44.5,42.4,42.6,43.9,-1.3,-2.9613,176451.06,758160.04257
000733.SZ,20260714,43.04,44.33,42.24,43.9,43.04,0.86,1.9981,211570.88,914976.66001
000733.SZ,20260713,46.5,46.56,42.92,43.04,47.14,-4.1,-8.6975,331171.28,1469233.95906
000733.SZ,20260710,48.88,49.78,47,47.14,48.36,-1.22,-2.5227,438533.54,2125052.77729
000733.SZ,20260709,48.32,49.09,46.05,48.36,47.32,1.04,2.1978,292137.36,1390439.7005
000733.SZ,20260708,50.19,50.83,47.21,47.32,50.18,-2.86,-5.6995,299426.35,1445934.23433
000733.SZ,20260707,51.78,52.33,49.93,50.18,51.78,-1.6,-3.09,282211.97,1438502.88879
000733.SZ,20260706,55.2,56.1,51.33,51.78,55.09,-3.31,-6.0083,392331.07,2077957.19631
000733.SZ,20260703,56.88,57.4,53.6,55.09,57.12,-2.03,-3.5539,409812.32,2268817.2493
000733.SZ,20260702,60.88,60.88,56.62,57.12,62.3,-5.18,-8.3146,647708.64,3813901.2882
000733.SZ,20260701,62,62.3,62,62.3,56.64,5.66,9.9929,136374.04,848977.9692
000733.SZ,20260630,55.52,56.93,53.92,56.64,55.44,1.2,2.1645,320938.86,1794124.07173
000733.SZ,20260629,59.1,60.8,54.25,55.82,58.33,-2.51,-4.3031,427755.18,2432541.08643
000733.SZ,20260626,60.28,60.58,57.58,58.33,60.9,-2.57,-4.22,392229.04,2315176.07705
000733.SZ,20260625,56.91,61.98,55.8,60.9,56.9,4,7.0299,510208.81,3059736.69011
000733.SZ,20260624,56.08,59.3,55.64,56.9,56.14,0.76,1.3538,338828.83,1943188.24732
000733.SZ,20260623,58.58,58.68,55.45,56.14,59.23,-3.09,-5.217,355960.34,2014918.57993
000733.SZ,20260622,60.31,61.23,58.03,59.23,59.79,-0.56,-0.9366,430461.12,2541233.75566
000733.SZ,20260618,58.65,61.05,57.85,59.79,58.13,1.66,2.8557,464690.43,2765741.13465
000733.SZ,20260617,56.1,58.85,55.68,58.13,56.34,1.79,3.1771,548628.27,3159899.69664
000733.SZ,20260616,53.79,57.07,53.4,56.34,51.88,4.46,8.5968,895680.71,5029969.23428
000733.SZ,20260615,49.4,51.88,49.33,51.88,47.16,4.72,10.0085,292592.14,1489587.1366
000733.SZ,20260612,51,51.5,47.12,47.16,49.75,-2.59,-5.206,427102.36,2085068.41476
000733.SZ,20260611,50,51.85,48.7,49.75,51.08,-1.33,-2.6038,398489.22,1991442.48722
000733.SZ,20260610,51.05,53.12,49.98,51.08,52.19,-1.11,-2.1268,362387.14,1859033.92137
000733.SZ,20260609,50.86,53.2,49.48,52.19,50.46,1.73,3.4285,494725.46,2542928.92423
000733.SZ,20260608,53,54.5,50.46,50.46,56.07,-5.61,-10.0054,573943.18,2984139.578
000733.SZ,20260605,61.04,61.77,55.95,56.07,59.31,-3.24,-5.4628,740644,4262425.052
000733.SZ,20260604,53.82,59.31,53.31,59.31,53.92,5.39,9.9963,768752.03,4383450.946
000733.SZ,20260603,54.6,57.16,52.93,53.92,54.1,-0.18,-0.3327,624260.13,3428535.3947
000733.SZ,20260602,50.9,54.49,49.8,54.1,50.87,3.23,6.3495,543014.1,2886948.23984
000733.SZ,20260601,50.62,53.17,50.58,50.87,51.49,-0.62,-1.2041,357522.53,1853944.20472
000733.SZ,20260529,54.05,54.91,50.7,51.49,53.38,-1.89,-3.5407,484101.21,2551481.46443
000733.SZ,20260528,50.27,54.1,50,53.38,50.34,3.04,6.0389,563400.15,2985455.23854
000733.SZ,20260527,50.34,53,49.91,50.34,50.34,0,0,336624.18,1721942.431
000733.SZ,20260526,51.43,51.6,49.5,50.34,52.08,-1.74,-3.341,280441.66,1408786.901
000733.SZ,20260525,51.36,53.5,51.33,52.08,49.17,2.91,5.9182,468163.18,2446328.223
000733.SZ,20260522,46.07,49.18,46.07,49.17,45.72,3.45,7.5459,329668.22,1594416.664
000733.SZ,20260521,46.94,48.09,45.67,45.72,46.89,-1.17,-2.4952,182574.18,859230.777
000733.SZ,20260520,46.78,47.49,46.21,46.89,46.91,-0.02,-0.0426,144726.23,679970.614
000733.SZ,20260519,44.75,46.95,44.29,46.91,44.94,1.97,4.3836,190127.24,874648.052
000733.SZ,20260518,44.6,45.52,44.07,44.94,44.87,0.07,0.156,100078.95,449346.118
000733.SZ,20260515,46.08,46.86,44.62,44.87,46.12,-1.25,-2.7103,147262.89,667727.026
000733.SZ,20260514,47.06,47.24,46,46.12,46.87,-0.75,-1.6002,153830.12,716421.803
000733.SZ,20260513,45.7,47.1,45.64,46.87,45.95,0.92,2.0022,133015.99,617881.322
000733.SZ,20260512,46.51,46.75,45.57,45.95,46.51,-0.56,-1.204,146317.02,673490.841
000733.SZ,20260511,46.03,47.18,45.88,46.51,44.7,1.81,4.0492,224620.35,1045391.816
000733.SZ,20260508,43.49,44.97,43.3,44.7,43.69,1.01,2.3117,164107.82,725957.591
000733.SZ,20260507,43.66,43.86,43.09,43.69,43.5,0.19,0.4368,123552.03,536519.645
000733.SZ,20260506,43.15,44.24,43.15,43.5,42.61,0.89,2.0887,176879.79,772489.978
000733.SZ,20260430,43.1,43.5,41.88,42.61,43.54,-0.93,-2.136,235839.21,1004834.881
000733.SZ,20260429,43.8,43.8,42.99,43.54,46.83,-3.29,-7.0254,279362.03,1211018.112
000733.SZ,20260428,47.2,47.62,46.38,46.83,47.18,-0.35,-0.7418,100715.31,472290.155
000733.SZ,20260427,46.82,47.35,46.36,47.18,46.82,0.36,0.7689,83017.52,390004.773
000733.SZ,20260424,46.9,47.4,46.58,46.82,46.8,0.02,0.0427,78689,369299.865
000733.SZ,20260423,47.74,48.17,46.52,46.8,47.69,-0.89,-1.8662,96332,454755.08
000733.SZ,20260422,47,47.73,46.88,47.69,47.24,0.45,0.9526,81308.55,386071.917
000733.SZ,20260421,47.77,47.77,47.03,47.24,47.54,-0.3,-0.631,66846.38,316025.004
000733.SZ,20260420,46.96,47.63,46.92,47.54,46.96,0.58,1.2351,90208.87,427436.221
000733.SZ,20260417,46.75,47.17,46.61,46.96,46.97,-0.01,-0.0213,70417.32,330415.868
000733.SZ,20260416,46.9,47.13,46.5,46.97,46.76,0.21,0.4491,78730.93,368811.178
000733.SZ,20260415,47.25,47.59,46.66,46.76,46.96,-0.2,-0.4259,85232.86,401847.783
000733.SZ,20260414,46.98,47.17,46.54,46.96,46.36,0.6,1.2942,80012.73,374374.205
000733.SZ,20260413,46.01,46.75,45.96,46.36,46.28,0.08,0.1729,70133.72,325480.381
000733.SZ,20260410,46.1,46.78,46.1,46.28,45.88,0.4,0.8718,80249.82,373050.183
000733.SZ,20260409,45.7,46.25,45.47,45.88,46.14,-0.26,-0.5635,81660.45,374422.355
000733.SZ,20260408,45.16,46.19,45.03,46.14,44.24,1.9,4.2948,120247.44,549418.683
000733.SZ,20260407,44.38,44.65,44.04,44.24,44,0.24,0.5455,56334.89,249862.168
000733.SZ,20260403,44.98,45.1,43.98,44,44.88,-0.88,-1.9608,69816.88,309170.738
000733.SZ,20260402,45.86,45.89,44.62,44.88,45.99,-1.11,-2.4136,83778.91,378315.347
000733.SZ,20260401,46.11,46.28,45.65,45.99,45.39,0.6,1.3219,81175.89,373550.318
000733.SZ,20260331,45.84,46.44,45.34,45.39,45.84,-0.45,-0.9817,87584.02,402104.361
000733.SZ,20260330,44.8,45.89,44.73,45.84,45.72,0.12,0.2625,58941.02,267748.567
000733.SZ,20260327,44.88,45.96,44.88,45.72,45.56,0.16,0.3512,54575.91,248724.747
000733.SZ,20260326,46.05,46.17,45.25,45.56,46.11,-0.55,-1.1928,68273.53,312149.481
000733.SZ,20260325,45.74,46.28,45.68,46.11,45.54,0.57,1.2516,101412.97,466423.283
000733.SZ,20260324,45.45,45.58,44.67,45.54,44.75,0.79,1.7654,107169.15,484483.591
000733.SZ,20260323,46.44,46.74,44.55,44.75,47.18,-2.43,-5.1505,148384.05,675940.105
000733.SZ,20260320,48.2,48.44,47.18,47.18,48.08,-0.9,-1.8719,92239.35,440816.831
000733.SZ,20260319,48.71,48.74,47.85,48.08,49.31,-1.23,-2.4944,104487.46,503950.33
000733.SZ,20260318,48.99,49.33,48.52,49.31,48.77,0.54,1.1072,88002.1,430252.81
000733.SZ,20260317,49.93,50.1,48.76,48.77,49.75,-0.98,-1.9698,101750.83,501273.374
000733.SZ,20260316,49.81,49.81,49.03,49.75,49.88,-0.13,-0.2606,96992.15,479924.046
000733.SZ,20260313,50.81,50.81,49.74,49.88,51.03,-1.15,-2.2536,120215.1,604116.347
000733.SZ,20260312,52.01,52.14,50.78,51.03,52.25,-1.22,-2.3349,133556.99,685090.277
000733.SZ,20260311,52.92,53.37,52.03,52.25,52.9,-0.65,-1.2287,127782.61,671646.33
000733.SZ,20260310,52.53,53.29,52.29,52.9,51.9,1,1.9268,121200.84,640383.019
000733.SZ,20260309,52.52,52.53,50.53,51.9,53.49,-1.59,-2.9725,185322.17,950724.852
000733.SZ,20260306,52.69,54.55,52.33,53.49,52.93,0.56,1.058,154390.51,828397.838
000733.SZ,20260305,53.6,53.95,52.58,52.93,52.4,0.53,1.0115,143286.64,761928.446
000733.SZ,20260304,51.98,53.98,51.97,52.4,52.53,-0.13,-0.2475,189643.92,1003039.622
000733.SZ,20260303,57.17,57.35,52.5,52.53,57.18,-4.65,-8.1322,312713.63,1697268.97
000733.SZ,20260302,58.3,58.5,56.77,57.18,57.74,-0.56,-0.9699,219416.98,1258922.161
000733.SZ,20260227,57.55,58.42,57.12,57.74,58.13,-0.39,-0.6709,174163.91,1006660.898
000733.SZ,20260226,54.9,58.9,54.6,58.13,54.82,3.31,6.0379,364426.22,2084717.819
000733.SZ,20260225,54.89,55.33,54.42,54.82,54.37,0.45,0.8277,152140.44,835124.157
000733.SZ,20260224,53.75,54.95,53.75,54.37,52.98,1.39,2.6236,156104.68,850608.787
000733.SZ,20260213,53.5,53.83,52.92,52.98,53.6,-0.62,-1.1567,95383.14,508860.35
000733.SZ,20260212,52.98,53.93,52.84,53.6,53.01,0.59,1.113,110961.72,592349.354
000733.SZ,20260211,53.45,53.87,53,53.01,53.47,-0.46,-0.8603,85335.36,455246.257
000733.SZ,20260210,53.8,54.1,53.38,53.47,53.82,-0.35,-0.6503,92894.58,498428.919
000733.SZ,20260209,54.26,54.29,53.65,53.82,53.4,0.42,0.7865,96760.48,521441.508
000733.SZ,20260206,53.87,54.87,53.4,53.4,54.26,-0.86,-1.585,120751.95,652259.294
000733.SZ,20260205,54.56,55.08,53.6,54.26,54.58,-0.32,-0.5863,129726.53,702520.766
000733.SZ,20260204,54.64,55.87,53.92,54.58,54.82,-0.24,-0.4378,141835.31,776883.29
000733.SZ,20260203,54.48,55.06,53.77,54.82,53.83,0.99,1.8391,125816.09,687915.95
000733.SZ,20260202,54.3,55.9,53.8,53.83,54.55,-0.72,-1.3199,158349.4,868720.864
000733.SZ,20260130,54.87,55.62,52.94,54.55,55.4,-0.85,-1.5343,249903.01,1353317.358
000733.SZ,20260129,58.32,58.72,55.31,55.4,58.8,-3.4,-5.7823,281225.35,1595925.883
000733.SZ,20260128,58.6,59.11,57.88,58.8,58.6,0.2,0.3413,164947.37,965440.071
000733.SZ,20260127,56.73,59.2,55.86,58.6,57.05,1.55,2.7169,214802.77,1242263.976
000733.SZ,20260126,59.87,59.87,56.65,57.05,59.38,-2.33,-3.9239,254482.58,1466001.805
000733.SZ,20260123,57.71,59.7,57.37,59.38,57.57,1.81,3.144,251519.22,1477748.184
000733.SZ,20260122,56.31,57.89,56.31,57.57,56.31,1.26,2.2376,194179.25,1113881.663
000733.SZ,20260121,55.49,57.02,55.46,56.31,55.92,0.39,0.6974,141129.66,796288.984
000733.SZ,20260120,57.19,57.58,55.45,55.92,57.15,-1.23,-2.1522,161763.52,907838.532
000733.SZ,20260119,56.96,57.68,56.16,57.15,57.12,0.03,0.0525,195414.33,1115308.504
000733.SZ,20260116,55.4,57.55,54.7,57.12,55.02,2.1,3.8168,268239.96,1506636.026
000733.SZ,20260115,55.2,55.76,54.79,55.02,55.2,-0.18,-0.3261,159231.96,878887.504
000733.SZ,20260114,55.4,56.98,54.6,55.2,55.4,-0.2,-0.361,298030.67,1664263.97
000733.SZ,20260113,58.01,58.08,55.2,55.4,58.82,-3.42,-5.8143,386591.39,2172283.986
000733.SZ,20260112,57.79,59.3,57.16,58.82,56.88,1.94,3.4107,385278.67,2243272.219
000733.SZ,20260109,57,58.58,55.88,56.88,56.62,0.26,0.4592,426025.66,2432841.499
000733.SZ,20260108,54.2,57.47,53.92,56.62,54.45,2.17,3.9853,308946.02,1725209.13
000733.SZ,20260107,55.39,55.39,54.17,54.45,55.1,-0.65,-1.1797,208779.78,1140346.266
000733.SZ,20260106,53.23,55.82,52.91,55.1,53.51,1.59,2.9714,338709.07,1841409.546
000733.SZ,20260105,53.05,54.17,52.32,53.51,52.41,1.1,2.0988,258936.54,1373428.159
000733.SZ,20251231,51.9,52.66,51.39,52.41,52.1,0.31,0.595,187146.98,975460.727
000733.SZ,20251230,51.96,53.19,51.8,52.1,52.43,-0.33,-0.6294,200257.38,1047472.189
000733.SZ,20251229,52.2,52.88,51.93,52.43,52.06,0.37,0.7107,189019.49,991461.782
000733.SZ,20251226,52.02,52.52,51.4,52.06,51.6,0.46,0.8915,209217.43,1088264.594
000733.SZ,20251225,51.58,52.29,51.28,51.6,51.58,0.02,0.0388,204763.43,1060435.281
000733.SZ,20251224,50.1,52.09,50.06,51.58,50.25,1.33,2.6468,244568.52,1255203.063
000733.SZ,20251223,50.19,50.52,49.89,50.25,49.86,0.39,0.7822,153862.64,772553.898
000733.SZ,20251222,49.9,50.27,49.58,49.86,49.89,-0.03,-0.0601,115574.22,577693.253
000733.SZ,20251219,49.83,50.76,49.81,49.89,49.88,0.01,0.02,141769.08,711118.3
000733.SZ,20251218,48.41,50.48,48.36,49.88,48.75,1.13,2.3179,192162.33,958148.664
000733.SZ,20251217,48.56,48.89,47.77,48.75,48.7,0.05,0.1027,121295.62,586141.71
000733.SZ,20251216,49.39,49.49,48.35,48.7,49.55,-0.85,-1.7154,142370.12,693259.61
000733.SZ,20251215,49.4,50.44,49.23,49.55,49.68,-0.13,-0.2617,166411.47,829191.006
000733.SZ,20251212,49.04,49.86,48.76,49.68,49.02,0.66,1.3464,180087.37,891857.237
000733.SZ,20251211,48.76,49.45,48.58,49.02,48.74,0.28,0.5745,155016.65,762094.713
000733.SZ,20251210,48.7,48.96,48.33,48.74,48.44,0.3,0.6193,107113,521386.724
000733.SZ,20251209,48.16,48.98,48.07,48.44,48.27,0.17,0.3522,93235.09,452121.787
000733.SZ,20251208,48.4,48.77,48.16,48.27,48.09,0.18,0.3743,134397.08,651687.428
000733.SZ,20251205,47.3,48.19,46.99,48.09,47.31,0.78,1.6487,117399.77,560590.465
000733.SZ,20251204,47.14,47.38,46.9,47.31,47.22,0.09,0.1906,65313.5,308048.883
000733.SZ,20251203,47.43,47.58,46.71,47.22,47.38,-0.16,-0.3377,77805.83,366902.848
000733.SZ,20251202,47.48,47.69,47.15,47.38,47.69,-0.31,-0.65,71539.89,338913.121
000733.SZ,20251201,47.68,48,47.47,47.69,47.33,0.36,0.7606,102376.94,488457.392
000733.SZ,20251128,46.5,47.5,46.5,47.33,46.52,0.81,1.7412,111197.02,523301.09
000733.SZ,20251127,46.82,47.13,46.5,46.52,46.9,-0.38,-0.8102,77504.44,362854.188
000733.SZ,20251126,47.31,47.43,46.8,46.9,47.56,-0.66,-1.3877,107944.32,507999.877
000733.SZ,20251125,47.72,47.96,47.23,47.56,47.67,-0.11,-0.2308,102201.9,486584.866
000733.SZ,20251124,46.6,47.9,46.37,47.67,46.38,1.29,2.7814,138128.54,653586.584
000733.SZ,20251121,46.9,47.23,46.18,46.38,47.39,-1.01,-2.1313,124533.12,580806.343
000733.SZ,20251120,48.21,48.4,47.32,47.39,48.19,-0.8,-1.6601,107672.15,514252.067
000733.SZ,20251119,48.1,48.49,47.7,48.19,48.23,-0.04,-0.0829,133225.63,641201.621
000733.SZ,20251118,48.55,48.99,48.06,48.23,48.8,-0.57,-1.168,97016.68,469738.627
000733.SZ,20251117,49.54,49.76,48.65,48.8,48.4,0.4,0.8264,130270.68,639463.437
000733.SZ,20251114,48.7,49.24,48.37,48.4,48.8,-0.4,-0.8197,89729.36,437739.209
000733.SZ,20251113,48.5,49.03,48.31,48.8,48.55,0.25,0.5149,95458.67,466008.319
000733.SZ,20251112,49,49,47.99,48.55,49.1,-0.55,-1.1202,136016.18,658018.554
000733.SZ,20251111,50.59,50.8,49.01,49.1,50.58,-1.48,-2.9261,220268.65,1095660.826
000733.SZ,20251110,50.8,51.4,50.11,50.58,50.64,-0.06,-0.1185,168781.69,854992.477
000733.SZ,20251107,50.48,50.99,49.89,50.64,50.8,-0.16,-0.315,135700.51,685474.877
000733.SZ,20251106,50.5,51.45,50.41,50.8,50.63,0.17,0.3358,151139.53,769304.585
000733.SZ,20251105,50.21,50.72,49.84,50.63,50.96,-0.33,-0.6476,142430.19,716642.802
000733.SZ,20251104,51.16,51.86,50.5,50.96,51.19,-0.23,-0.4493,180524.9,921975.771
000733.SZ,20251103,50.5,51.61,50,51.19,50.42,0.77,1.5272,215660.19,1096856.306
000733.SZ,20251031,51.91,52.48,50.14,50.42,52.02,-1.6,-3.0757,266616.1,1357616.135
000733.SZ,20251030,53.63,53.63,51.7,52.02,53.63,-1.61,-3.0021,258057.73,1358369.171
000733.SZ,20251029,53.88,54.66,53.36,53.63,53.6,0.03,0.056,224439.28,1208696.528
000733.SZ,20251028,53.03,54.8,52.83,53.6,53.13,0.47,0.8846,429030.72,2303680.94
000733.SZ,20251027,52.59,53.74,52.22,53.13,48.85,4.28,8.7615,646492.25,3448899.118
000733.SZ,20251024,47.1,49.43,47.03,48.85,46.82,2.03,4.3358,187989.94,915688.12
000733.SZ,20251023,46.43,46.88,45.92,46.82,46.58,0.24,0.5152,64752.64,300348.024
000733.SZ,20251022,47.18,47.42,46.32,46.58,47.44,-0.86,-1.8128,91126.44,424643.985
000733.SZ,20251021,47.04,47.85,46.96,47.44,47.16,0.28,0.5937,76622.54,363782.98
000733.SZ,20251020,47.26,47.73,46.8,47.16,46.85,0.31,0.6617,74644.19,352668.183
000733.SZ,20251017,49.51,49.54,46.78,46.85,49.54,-2.69,-5.43,154798.35,740629.797
000733.SZ,20251016,49.47,50.65,48.98,49.54,49.37,0.17,0.3443,120277.68,598193.853
000733.SZ,20251015,48.58,49.58,47.76,49.37,48.58,0.79,1.6262,125385.65,610677.756
000733.SZ,20251014,50.18,50.48,48.36,48.58,50,-1.42,-2.84,139461.36,687078.496
000733.SZ,20251013,48.44,50.08,48.05,50,49.65,0.35,0.7049,115537.83,571945.023
000733.SZ,20251010,50.6,50.65,49.5,49.65,50.84,-1.19,-2.3407,127785.46,637929.216
000733.SZ,20251009,50.3,50.99,49.65,50.84,50.24,0.6,1.1943,165059.03,831354.416
000733.SZ,20250930,49.8,50.78,49.55,50.24,49.74,0.5,1.0052,168197.36,843891.206
000733.SZ,20250929,49.79,49.96,48.93,49.74,49.79,-0.05,-0.1004,106986.19,529288.758
000733.SZ,20250926,49.08,50.77,48.86,49.79,49.15,0.64,1.3021,179717.75,899927.552
000733.SZ,20250925,49.7,49.79,49.08,49.15,49.9,-0.75,-1.503,114880.55,567523.673
000733.SZ,20250924,48.76,50.24,48.7,49.9,49.01,0.89,1.816,133158.6,662100.628
000733.SZ,20250923,49.3,49.84,48.21,49.01,49.16,-0.15,-0.3051,114608.94,559486.337
000733.SZ,20250922,50,50,48.81,49.16,50.05,-0.89,-1.7782,113783.22,559903.224
000733.SZ,20250919,49.81,50.39,49.5,50.05,49.58,0.47,0.948,154470.47,771727.376
000733.SZ,20250918,48.1,50.89,48.05,49.58,48.36,1.22,2.5227,299145.7,1497538.578
000733.SZ,20250917,47.42,48.88,47.31,48.36,47.59,0.77,1.618,119447.99,573612.704
000733.SZ,20250916,47.8,47.99,47.09,47.59,47.81,-0.22,-0.4602,83264.82,394945.121
000733.SZ,20250915,48.74,48.81,47.81,47.81,48.32,-0.51,-1.0555,77759.1,373281.002
000733.SZ,20250912,47.6,48.75,47.36,48.32,47.69,0.63,1.321,129050.87,622291.743
000733.SZ,20250911,46.99,47.75,46.7,47.69,47,0.69,1.4681,104902.88,495319.09
000733.SZ,20250910,46.69,47.13,46.61,47,46.71,0.29,0.6209,70309.43,329726.634
000733.SZ,20250909,47.37,47.58,46.46,46.71,47.24,-0.53,-1.1219,89480.83,420270.421
000733.SZ,20250908,46.65,47.28,46.3,47.24,46.67,0.57,1.2213,99773.78,468602.082
000733.SZ,20250905,46.46,46.82,46.01,46.67,46.3,0.37,0.7991,127708.39,593689.363
000733.SZ,20250904,47.51,48.3,45.73,46.3,47.62,-1.32,-2.7719,155383.59,728650.191
000733.SZ,20250903,50.18,50.3,47.53,47.62,50.04,-2.42,-4.8361,184735.63,901621.306
000733.SZ,20250902,50.97,51.12,48.92,50.04,50.98,-0.94,-1.8439,209869.09,1047296.006
000733.SZ,20250901,50.92,51.5,50.31,50.98,50.91,0.07,0.1375,138997.78,705736.134
000733.SZ,20250829,51.55,51.55,50.52,50.91,51.52,-0.61,-1.184,153844.09,782291.805
000733.SZ,20250828,50.82,51.63,49.78,51.52,50.82,0.7,1.3774,227548.11,1157026.255
000733.SZ,20250827,51.88,52.66,50.8,50.82,51.83,-1.01,-1.9487,215401.45,1117910.158
000733.SZ,20250826,52.62,52.7,51.66,51.83,52.62,-0.79,-1.5013,194410.56,1010157.672
000733.SZ,20250825,52.02,52.83,51.69,52.62,51.9,0.72,1.3873,246178.9,1287802.024
000733.SZ,20250822,50.2,52.18,49.66,51.9,50.68,1.22,2.4073,287158.49,1458035.707
000733.SZ,20250821,50.18,51.2,50.17,50.68,50.32,0.36,0.7154,170614.03,864415.927
000733.SZ,20250820,49.96,50.45,49.55,50.32,50.21,0.11,0.2191,149184.94,745607.372
000733.SZ,20250819,50.46,50.87,49.81,50.21,50.46,-0.25,-0.4954,158941.48,797827.482
000733.SZ,20250818,50.2,50.68,49.71,50.46,49.94,0.52,1.0412,205927.66,1033896.545
000733.SZ,20250815,49.5,50.07,49.36,49.94,49.61,0.33,0.6652,157000.05,779556.584
000733.SZ,20250814,50.19,50.19,49.13,49.61,50.2,-0.59,-1.1753,161101.95,799752.967
000733.SZ,20250813,49.8,50.22,49.58,50.2,49.8,0.4,0.8032,173977.08,867977.829
000733.SZ,20250812,50.19,50.96,49.41,49.8,50.36,-0.56,-1.112,143471.55,714634.416
000733.SZ,20250811,48.8,50.81,48.75,50.36,48.82,1.54,3.1544,240455.53,1203502.983
000733.SZ,20250808,48.8,49.39,48.6,48.82,49.01,-0.19,-0.3877,134450.28,658265.505
000733.SZ,20250807,49.42,49.45,48.68,49.01,49.42,-0.41,-0.8296,152832.29,748963.844
000733.SZ,20250806,48.52,49.49,48.4,49.42,48.54,0.88,1.8129,202235.91,994771.711
000733.SZ,20250805,48.8,48.87,48.3,48.54,48.54,0,0,119539.08,580164.039
000733.SZ,20250804,47.5,48.58,47.28,48.54,47.65,0.89,1.8678,174594.14,841984.739
000733.SZ,20250801,47.5,48.58,47.15,47.65,47.53,0.12,0.2525,173010.31,827136.992
000733.SZ,20250731,47.6,48.27,47.28,47.53,47.99,-0.46,-0.9585,127278.7,608254.621
000733.SZ,20250730,49.1,49.2,47.5,47.99,49.01,-1.02,-2.0812,217170.12,1050125.447
000733.SZ,20250729,47.92,49.01,47.14,49.01,48.02,0.99,2.0616,285447.14,1379388.269
000733.SZ,20250728,48.11,48.99,47.85,48.02,48.09,-0.07,-0.1456,171156,827691.668
000733.SZ,20250725,48.48,48.6,47.69,48.09,48.3,-0.21,-0.4348,132037.99,634249.54
000733.SZ,20250724,47.86,48.32,47.75,48.3,47.82,0.48,1.0038,105399.29,506871.322
000733.SZ,20250723,47.82,48.5,47.72,47.82,47.97,-0.15,-0.3127,113299.92,544435.37
000733.SZ,20250722,47.99,48.5,47.72,47.97,48.01,-0.04,-0.0833,140020.72,673154.578
000733.SZ,20250721,47.87,48.08,47.3,48.01,47.87,0.14,0.2925,99835.21,476844.695
000733.SZ,20250718,47.45,48.1,47.37,47.87,47.44,0.43,0.9064,86184.48,411522.188
000733.SZ,20250717,46.88,47.47,46.71,47.44,46.84,0.6,1.281,105001.06,494620.728
000733.SZ,20250716,47.03,47.2,46.62,46.84,47.15,-0.31,-0.6575,89630.44,420738.642
000733.SZ,20250715,48.19,48.46,46.8,47.15,48.2,-1.05,-2.1784,154018.73,729288.039
000733.SZ,20250714,48.73,48.84,48,48.2,48.62,-0.42,-0.8638,69559.98,335857.319
000733.SZ,20250711,48.23,48.8,48.14,48.62,48.24,0.38,0.7877,104910.82,509236.181
000733.SZ,20250710,48.12,48.73,47.71,48.24,47.97,0.27,0.5629,93779.32,450840.682
000733.SZ,20250709,48.24,48.77,47.82,47.97,48.2,-0.23,-0.4772,94060.01,453533.952
000733.SZ,20250708,48.07,48.65,48,48.2,48.07,0.13,0.2704,90604.93,437605.283
000733.SZ,20250707,48.51,48.66,48.05,48.07,48.83,-0.76,-1.5564,101148.51,487972.909
000733.SZ,20250704,50.06,50.06,48.56,48.83,49.96,-1.13,-2.2618,126565.35,620200.586
000733.SZ,20250703,49.75,50.51,49.53,49.96,49.84,0.12,0.2408,84179.48,420748.373
000733.SZ,20250702,49.9,50.3,49.4,49.84,50.04,-0.2,-0.3997,96682.49,480539.917
000733.SZ,20250701,50.24,50.28,49.44,50.04,50.05,-0.01,-0.02,120448.14,600283.068
000733.SZ,20250630,48.3,50.3,48.3,50.05,48.2,1.85,3.8382,204241.35,1014871.675
000733.SZ,20250627,48.45,49.09,48.03,48.2,48.37,-0.17,-0.3515,132540,642400.634
000733.SZ,20250626,48.81,49.29,48.3,48.37,48.8,-0.43,-0.8811,157328.14,766959.106
000733.SZ,20250625,47.23,48.81,47.19,48.8,47.18,1.62,3.4337,216442.06,1047136.678
000733.SZ,20250624,46.93,47.3,46.22,47.18,46.93,0.25,0.5327,149438.07,700777.871
000733.SZ,20250623,44.45,47.09,44.37,46.93,44.61,2.32,5.2006,175582.18,810974.56
000733.SZ,20250620,44.99,45.19,44.54,44.61,45.11,-0.5,-1.1084,60073.33,269298.046
000733.SZ,20250619,45.92,46.2,44.76,45.11,45.98,-0.87,-1.8921,101091.24,459120.919
000733.SZ,20250618,45.96,46.33,45.71,46.16,45.97,0.19,0.4133,66878.08,308377.628
000733.SZ,20250617,46.3,46.3,45.52,45.97,46.31,-0.34,-0.7342,82704.12,379632.174
000733.SZ,20250616,46.32,46.86,46.01,46.31,46.42,-0.11,-0.237,96835.29,450312.905
000733.SZ,20250613,46.25,46.77,45.99,46.42,45.98,0.44,0.9569,117324.84,544637.425
000733.SZ,20250612,46.33,46.35,45.86,45.98,46.33,-0.35,-0.7555,59320.46,273223.448
000733.SZ,20250611,46.37,46.68,46.04,46.33,46.37,-0.04,-0.0863,72639.21,337317.239
000733.SZ,20250610,47.17,47.17,45.8,46.37,47.17,-0.8,-1.696,111101,516163.786
000733.SZ,20250609,46.8,47.81,46.72,47.17,46.71,0.46,0.9848,130346,617263.102
000733.SZ,20250606,46.77,47.25,46.58,46.71,46.77,-0.06,-0.1283,103819.82,486473.73
000733.SZ,20250605,46.48,47.08,46.1,46.77,46.37,0.4,0.8626,105387,491635.22
000733.SZ,20250604,46.22,46.96,46,46.37,46.15,0.22,0.4767,96834.34,450827.988
000733.SZ,20250603,45.57,46.74,45.57,46.15,45.93,0.22,0.479,100743.98,465258.473
000733.SZ,20250530,46.22,46.38,45.71,45.93,46.21,-0.28,-0.6059,84856.93,390864.22
000733.SZ,20250529,46.05,46.58,45.98,46.21,46.11,0.1,0.2169,82820.9,382963.898
000733.SZ,20250528,46.63,46.77,46,46.11,46.56,-0.45,-0.9665,73447.5,340339.338
000733.SZ,20250527,47.13,47.29,46.25,46.56,47.32,-0.76,-1.6061,86512.57,403051.359
000733.SZ,20250526,46.7,47.95,46.7,47.32,46.66,0.66,1.4145,113196.82,535144.956
000733.SZ,20250523,47.98,47.98,46.66,46.66,48.04,-1.38,-2.8726,129870.38,613241.638
000733.SZ,20250522,47.61,48.79,47.46,48.04,47.92,0.12,0.2504,105623.87,509952.502
000733.SZ,20250521,48.49,48.75,47.65,47.92,48.48,-0.56,-1.1551,90104.61,433343.974
000733.SZ,20250520,48.01,48.59,47.54,48.48,48.2,0.28,0.5809,103888.88,499362.159
000733.SZ,20250519,48.68,49.05,48.08,48.2,48.67,-0.47,-0.9657,81282.84,393076.266
000733.SZ,20250516,48.66,49.16,48.23,48.67,48.86,-0.19,-0.3889,96273.62,468755.023
000733.SZ,20250515,48.45,49.2,47.8,48.86,48.43,0.43,0.8879,130600.59,635244.408
000733.SZ,20250514,49.22,49.5,48.22,48.43,49.31,-0.88,-1.7846,142079.71,690341.234
000733.SZ,20250513,51.29,51.45,49.18,49.31,51.28,-1.97,-3.8417,195841.74,975728.077
000733.SZ,20250512,50.07,52.93,49.83,51.28,50.07,1.21,2.4166,265568.68,1369867.324
000733.SZ,20250509,52.87,53.1,49.66,50.07,52.7,-2.63,-4.9905,189550.32,957515.198
000733.SZ,20250508,51.52,52.93,50.9,52.7,51.89,0.81,1.561,167063,871275.563
000733.SZ,20250507,51.1,52.84,50.87,51.89,50.59,1.3,2.5697,240459.83,1248747.361
000733.SZ,20250506,51.44,51.6,49.36,50.59,51.12,-0.53,-1.0368,234898.63,1180282.452
000733.SZ,20250430,51.91,52.35,50.88,51.12,51.91,-0.79,-1.5219,116156.3,599356.414
000733.SZ,20250429,52.5,52.69,51.31,51.91,52.7,-0.79,-1.4991,128599.57,666750.851
000733.SZ,20250428,52.59,53.62,52.21,52.7,53,-0.3,-0.566,101466.28,536918.348
000733.SZ,20250425,53.6,54.2,52.93,53,54.23,-1.23,-2.2681,137721.56,736184.251
000733.SZ,20250424,51.19,55.16,50.18,54.23,53.88,0.35,0.6496,363173.33,1912426.53
000733.SZ,20250423,54.34,54.67,52.77,53.88,54.34,-0.46,-0.8465,148114.52,791644.259
000733.SZ,20250422,53.92,55.19,53.25,54.34,53.91,0.43,0.7976,124006,673156.428
000733.SZ,20250421,53.49,54.69,53.49,53.91,53.67,0.24,0.4472,118438.95,640687.054
000733.SZ,20250418,54.4,55.36,53.15,53.67,54.9,-1.23,-2.2404,204877,1105804.431
000733.SZ,20250417,58.48,59.45,54.63,54.9,59.19,-4.29,-7.2478,242396.48,1386024.624
000733.SZ,20250416,58.19,60.49,57.15,59.19,58.45,0.74,1.266,164656.31,969259.731
000733.SZ,20250415,62.01,62.36,56.98,58.45,62.58,-4.13,-6.5996,261457.56,1539609.021
000733.SZ,20250414,63.61,64.47,61.17,62.58,64.07,-1.49,-2.3256,213107.49,1334355.932
000733.SZ,20250411,60.48,65.89,59.82,64.07,61.01,3.06,5.0156,258383.51,1617664.841
000733.SZ,20250410,58.5,61.95,57.21,61.01,59.5,1.51,2.5378,288715.39,1734110.635
000733.SZ,20250409,53.66,59.95,53.6,59.5,54.95,4.55,8.2803,269548.02,1558926.733
000733.SZ,20250408,56,57.33,54.22,54.95,56.71,-1.76,-3.1035,206960.3,1146783.529
000733.SZ,20250407,56.9,59.88,54.34,56.71,58.13,-1.42,-2.4428,331011.22,1887621.785
000733.SZ,20250403,55.35,58.8,55.35,58.13,55.93,2.2,3.9335,191891.32,1100195.168
000733.SZ,20250402,55.66,56.75,54.98,55.93,55.7,0.23,0.4129,146052.57,817664.346
000733.SZ,20250401,54.3,57.4,54.09,55.7,53.75,1.95,3.6279,198247.57,1108861.956
000733.SZ,20250331,55.01,55.4,53.1,53.75,55.69,-1.94,-3.4836,141706.88,765691.403
000733.SZ,20250328,56.4,56.84,54.83,55.69,56.34,-0.65,-1.1537,127936.5,712071.19
000733.SZ,20250327,57.5,57.59,55.77,56.34,57.64,-1.3,-2.2554,135147.45,766111.38
000733.SZ,20250326,55.37,59.03,55.37,57.64,55.77,1.87,3.3531,245578,1419216.642
000733.SZ,20250325,53.29,58.62,53.29,55.77,53.29,2.48,4.6538,388750.51,2216454.352
000733.SZ,20250324,54.31,55.6,52.05,53.29,54.72,-1.43,-2.6133,220510.17,1171081.333
000733.SZ,20250321,54.04,56.32,53.8,54.72,54.51,0.21,0.3853,148764.93,820772.173
000733.SZ,20250320,53.87,55.86,53.61,54.51,53.75,0.76,1.414,161347.82,888855.082
000733.SZ,20250319,54.02,54.47,53.54,53.75,54.53,-0.78,-1.4304,122487.14,660410.251
000733.SZ,20250318,54.55,56.46,54.23,54.53,54.51,0.02,0.0367,179287.53,987331.76
000733.SZ,20250317,55.03,55.88,52.94,54.51,54.95,-0.44,-0.8007,222593.99,1212659.853
000733.SZ,20250314,54.95,55.58,54,54.95,56.53,-1.58,-2.795,247490.78,1355062.589
000733.SZ,20250313,53.3,56.99,53.3,56.53,53.3,3.23,6.06,395216.82,2188651.098
000733.SZ,20250312,51.92,54.34,51.92,53.3,51.32,1.98,3.8581,345379.77,1834996.804
000733.SZ,20250311,47.59,51.49,47.4,51.32,47.95,3.37,7.0282,275447.43,1382043.431
000733.SZ,20250310,48.28,49.5,47.69,47.95,48.22,-0.27,-0.5599,133460.84,647024.848
000733.SZ,20250307,46.33,48.77,46.16,48.22,46.47,1.75,3.7659,218466.43,1048133.759
000733.SZ,20250306,45.88,46.88,45.88,46.47,45.9,0.57,1.2418,121381.51,564498.095
000733.SZ,20250305,45.9,46.75,45.78,45.9,45.87,0.03,0.0654,146161.31,675072.743
000733.SZ,20250304,43.88,46.64,43.71,45.87,43.81,2.06,4.7021,229253.8,1044467.596
000733.SZ,20250303,43.48,44.55,43.4,43.81,43.62,0.19,0.4356,97686.49,431534.923
000733.SZ,20250228,44.31,45.1,43.46,43.62,44.64,-1.02,-2.2849,95750.31,422822.661
000733.SZ,20250227,45.05,45.69,43.52,44.64,45.04,-0.4,-0.8881,133251.42,591593.114
000733.SZ,20250226,43.6,45.32,43.51,45.04,43.6,1.44,3.3028,181718.41,814354.535
000733.SZ,20250225,43.1,44.08,42.9,43.6,43.61,-0.01,-0.0229,81984.42,358036.909
000733.SZ,20250224,43.34,44.14,42.7,43.61,43.34,0.27,0.623,103737.01,451999.376
000733.SZ,20250221,43.02,43.63,42.73,43.34,43.31,0.03,0.0693,109516.3,473522.764
000733.SZ,20250220,41.48,43.68,41.4,43.31,41.5,1.81,4.3614,186217.05,798953.033
000733.SZ,20250219,40.23,41.66,40.22,41.5,40.34,1.16,2.8756,84887.46,349830.464
000733.SZ,20250218,41.76,42.06,40.2,40.34,41.95,-1.61,-3.8379,95614.06,393103.154
000733.SZ,20250217,42.25,42.65,41.68,41.95,42.26,-0.31,-0.7336,84572.9,355664.559
000733.SZ,20250214,42.04,42.35,41.87,42.26,42.04,0.22,0.5233,58451.95,246231.473
000733.SZ,20250213,42.38,43.3,42.04,42.04,42.49,-0.45,-1.0591,84252,357952.014
000733.SZ,20250212,42,42.5,41.62,42.49,42.09,0.4,0.9503,83650.89,351974.768
000733.SZ,20250211,42.6,42.6,41.61,42.09,42.6,-0.51,-1.1972,88400.77,370564.605
000733.SZ,20250210,42.04,42.85,41.9,42.6,42.15,0.45,1.0676,91024.41,386625.049
000733.SZ,20250207,42,42.66,41.7,42.15,42.07,0.08,0.1902,109023.98,459890.49
000733.SZ,20250206,41.29,42.2,40.79,42.07,41.44,0.63,1.5203,96027.93,401369.047
000733.SZ,20250205,41.49,41.78,41.16,41.44,41.04,0.4,0.9747,69270.1,287321.906
000733.SZ,20250127,41.27,42.88,41.03,41.04,40.87,0.17,0.416,84995.42,354505.269
000733.SZ,20250124,40.75,41.07,40.57,40.87,40.77,0.1,0.2453,67139,274107.62
000733.SZ,20250123,41.4,41.79,40.73,40.77,40.94,-0.17,-0.4152,58503.67,241532.061
000733.SZ,20250122,41.6,41.62,40.62,40.94,41.72,-0.78,-1.8696,71060.01,291172.325
000733.SZ,20250121,41.62,41.96,41.14,41.72,41.59,0.13,0.3126,59754.25,248051.373
000733.SZ,20250120,41.06,41.96,40.85,41.59,40.99,0.6,1.4638,94185.96,391601.374
000733.SZ,20250117,38.83,41.35,38.8,40.99,39.08,1.91,4.8874,130976.75,528993.786
000733.SZ,20250116,39.3,39.87,38.72,39.08,39.11,-0.03,-0.0767,55417,217310.484
000733.SZ,20250115,39.48,39.6,38.91,39.11,39.55,-0.44,-1.1125,60682,237521.479
000733.SZ,20250114,38.2,39.77,37.93,39.55,38.26,1.29,3.3717,81746.09,318808.563
000733.SZ,20250113,37.7,38.6,37.62,38.26,38.11,0.15,0.3936,53196.16,202833.282
000733.SZ,20250110,38.49,39.45,38.11,38.11,38.6,-0.49,-1.2694,84554.01,327574.076
000733.SZ,20250109,38.18,39.01,37.92,38.6,38.31,0.29,0.757,77931,300271.42
000733.SZ,20250108,39.01,39.29,37.31,38.31,39.28,-0.97,-2.4695,101866.02,389130.114
000733.SZ,20250107,38.74,39.36,38.55,39.28,38.74,0.54,1.3939,52403.8,204144.739
000733.SZ,20250106,38.8,39.15,38.43,38.74,38.89,-0.15,-0.3857,52578.81,203950.75
000733.SZ,20250103,40.21,40.28,38.73,38.89,39.85,-0.96,-2.409,74578,294118.94
000733.SZ,20250102,42.03,42.04,39.5,39.85,42.17,-2.32,-5.5015,108223.29,439339.63